year,level,subject,paper,question,text,coleman_liau,flesch_kincaid,gunning_fog,total_tokens,positive_tokens,negative_tokens,neutral_tokens,compound_sentiment_score,intent,intent_certainty,named_entities
1959,Higher Grade,HISTORY,2,1,Compare the methods of government in Athens and Sparta at the time of the outbreak of the Peloponnesian War.,8.73,7.2,7.6,9,0,1,8,-0.5994,discuss,0.9972383975982666,Athens {1} Sparta {1} the Peloponnesian War {1}
1959,Higher Grade,HISTORY,2,2,Was the rise of Philip of Macedon to the mastery of Greece due more to his own ability or to conditions in the city states of Greece?,8.48,9.1,12.28,11,1,0,10,0.3182,other,0.9882432818412781,Philip of Macedon {1} Greece {2}
1959,Higher Grade,HISTORY,2,3,Explain the underlying causes of enmity between Rome and Carthage and show the effects upon Rome of her victory in the Punic Wars.,10.27,8.7,12.68,13,0,1,12,-0.5994,reason,0.9738433957099915,Rome {2}
1959,Higher Grade,HISTORY,2,4,"""The generous ideas of the Gracchi were taken up by Julius Caesar but worked out by him with greater prudence and on an ampler scale."" Discuss this opinion.",11.1,5.2,8.46,13,2,0,11,0.43590000000000007,describe,0.7042713165283203,Gracchi {1} Julius Caesar {1}
1959,Higher Grade,HISTORY,2,5,"What dangers confronted the Roman Empire at the accession of Diocletian, and what steps to save it were taken by him and by Constantine?",10.09,9.1,12.93,10,1,2,7,-0.07836666666666665,compare,0.9948253631591797,the Roman Empire {1} Constantine {1}
1959,Higher Grade,HISTORY,2,6,"Write notes on two of the following: the Messenian Wars against Sparta, the Confederacy of Delos, Alcibiades, Plato, the Second Triumvirate, Roman provincial administration under Augustus.",12.82,17.0,19.63,17,0,1,16,-0.5994,reason,0.982300341129303,Sparta {1} the Confederacy of Delos {1} Alcibiades {1} Plato {1} Augustus {1}
1959,Higher Grade,HISTORY,2,7,Explain the importance of the reign of Charlemagne and the break-up of his empire after his death.,8.19,7.6,11.51,7,1,1,5,-0.11910000000000001,reason,0.9253809452056885,Charlemagne {1}
1959,Higher Grade,HISTORY,2,8,What evidence is there of a religious and intellectual revival in western Europe during the twelfth century?,10.98,11.1,13.86,8,1,0,7,0.5106,compare,0.7865633964538574,
1959,Higher Grade,HISTORY,2,9,"""The last of the great Emperors and the first of great modern kings."" Is this description of Frederic II justified?",9.66,6.0,12.0,11,3,0,8,0.5505666666666666,other,0.9507707953453064,
1959,Higher Grade,HISTORY,2,10,Illustrate and explain the strength of the French monarchy at the end of the thirteenth century and account for its weakness by the middle of the fourteenth.,8.48,10.3,12.28,12,1,1,10,0.03620000000000001,discuss,0.46400731801986694,
1959,Higher Grade,HISTORY,2,11,"What dangers threatened the Papacy between the beginning of the Great Schism in (1378) and the dissolution of the Council of Basle in (1449), and how far did it overcome them?",10.27,10.7,13.69,13,1,2,10,-0.12019999999999997,compare,0.4922165870666504,Papacy {1} the Council of Basle {1}
1959,Higher Grade,HISTORY,2,12,"Write notes on two of the following: the Visigoths in Italy, the rise of the Capetian dynasty, the Investiture Contest, the Sicilian Vespers, the Visconti of Milan, Philip the Good of Burgundy.",11.64,14.6,15.3,18,1,0,17,0.4404,reason,0.97784423828125,Italy {1} Milan {1} Philip the Good of Burgundy {1}
1959,Higher Grade,HISTORY,2,13,"""The discovery of the sea passage to India by Vasco da Gama was more important in its effects than the crossing of the Atlantic by Columbus."" How far is this true?",8.99,5.8,7.49,14,2,0,12,0.3119,describe,0.875499963760376,India {1} Vasco da Gama {1} Columbus {1}
1959,Higher Grade,HISTORY,2,14,Trace the steps by which the Empire of Charles V came into existence and show the causes of its instability.,10.16,7.6,12.0,10,0,0,10,0.0,argue,0.5360730290412903,the Empire of Charles V {1}
1959,Higher Grade,HISTORY,2,15,"""The political and religious fragmentation of Germany began at Augsburg in (1555) and triumphed at Westphalia in (1648)."" Is this statement justified?",12.08,7.6,11.67,12,2,0,10,0.44789999999999996,other,0.9702604413032532,Germany {1} Augsburg {1} Westphalia {1}
1959,Higher Grade,HISTORY,2,16,How far is it true to say that the power of Louis XIV increased till (1685) and declined thereafter?,9.57,6.0,7.6,11,2,0,9,0.34735,describe,0.888664960861206,Louis XIV {1}
1959,Higher Grade,HISTORY,2,17,Why did Sweden become a great power in the seventeenth century but cease to be one in the eighteenth?,8.73,7.2,9.71,9,1,0,8,0.6249,explain,0.9940609335899353,Sweden {1}
1959,Higher Grade,HISTORY,2,18,"Write notes on two of the following: Lorenzo di Medici, the French Wars of Religion, William the Silent, the Fronde, Cardinal Fleury, Austro-Prussian relations (1740-1748).",14.35,13.0,18.0,18,0,1,17,-0.5994,reason,0.9867838621139526,William the Silent {1} Austro-Prussian {1}
1959,Higher Grade,HISTORY,2,19,What were the grievances respectively of the bourgeois and the peasants on the eve of the French Revolution?,8.92,8.0,11.64,7,1,1,5,-0.06835,compare,0.8145646452903748,the French Revolution {1}
1959,Higher Grade,HISTORY,2,20,Describe the settlement of Europe made at the Congress of Vienna and explain its merits and its defects.,8.92,8.0,7.2,9,1,1,7,0.04074999999999998,reason,0.9407174587249756,the Congress of Vienna {1}
1959,Higher Grade,HISTORY,2,21,Explain the causes and effects of the revolutions of (1848) in the dominions of the Austrian Empire.,10.98,8.7,11.51,8,0,0,8,0.0,reason,0.9901720881462097,the Austrian Empire {1}
1959,Higher Grade,HISTORY,2,22,"""Blood and iron."" Is this a satisfactory description of Bismarck’s methods in home and foreign affairs?",8.97,6.4,8.2,9,1,0,8,0.3612,other,0.8254937529563904,Bismarck {1}
1959,Higher Grade,HISTORY,2,23,To what extent were the Balkans the storm-centre of Europe during the years (1878-1914)?,12.23,4.0,5.6,6,0,0,6,0.0,describe,0.9875490665435791,
1959,Higher Grade,HISTORY,2,24,"Write notes on two of the following: Catherine II of Russia, Napoleon Bonaparte’s Italian campaigns, Mehemet Ali, Karl Marx, the ""Liberal Empire"" of Napoleon III, the Algeciras Conference.",14.61,16.6,18.34,21,0,0,21,0.0,reason,0.991166889667511,"Catherine II {1} Russia {1} Napoleon Bonaparte’s {1} Ali {1} Karl Marx {1} the ""Liberal Empire {1} Napoleon III {1}"
