year,level,subject,paper,question,text,coleman_liau,flesch_kincaid,gunning_fog,total_tokens,positive_tokens,negative_tokens,neutral_tokens,compound_sentiment_score,intent,intent_certainty,named_entities
1958,Lower Grade,HISTORY,1,1,"Give an account of feudalism as a system of government, illustrating your answer from either Scotland or England.",8.92,11.5,11.64,10,0,1,9,-0.2263,describe,0.6306611895561218,Scotland {1} England {1}
1958,Lower Grade,HISTORY,1,2,"Write notes on two of the following: Alfred and the Danes, Malcolm Canmore, Henry II and the Church, the effects of the crusades on Europe, Edward I’s dealings with Scotland, the causes and course of the Peasants' Revolt of [1381].",12.73,15.4,16.0,22,0,0,22,0.0,reason,0.9834296703338623,Alfred {1} Danes {1} Malcolm Canmore {1} Henry II {1} Church {1} Edward I’s {1} Scotland {1} Peasants {1}
1958,Lower Grade,HISTORY,1,3,What were the main voyages of discovery made by Spanish and Portuguese expeditions between [1480] and [1530]?,11.91,8.7,11.51,9,0,0,9,0.0,describe,0.5929022431373596,
1958,Lower Grade,HISTORY,1,4,State very briefly what additions to geographical knowledge were made by Englishmen in the sixteenth century.,11.34,9.5,13.9,9,0,0,9,0.0,argue,0.47657233476638794,
1958,Lower Grade,HISTORY,1,5,Describe briefly the character of Henry VIII.,13.01,3.7,8.51,5,0,0,5,0.0,reason,0.8520779609680176,Henry VIII {1}
1958,Lower Grade,HISTORY,1,6,What changes were made in the Church during his reign?,7.29,1.3,4.0,4,0,0,4,0.0,compare,0.9943958520889282,Church {1}
1958,Lower Grade,HISTORY,1,7,"What religious and political problems faced either Mary Stewart on her return from France or Elizabeth Tudor on her accession, and how far did she solve them?",11.41,11.5,15.24,14,1,1,12,-0.09979999999999999,compare,0.9793570041656494,Mary Stewart {1} France {1} Elizabeth Tudor {1}
1958,Lower Grade,HISTORY,1,8,Give an account of the religious policy of James VI and Charles I in Scotland from [1603] to the end of the Bishops’ Wars.,10.75,7.9,11.27,12,0,1,11,-0.5994,reason,0.9467454552650452,James VI {1} Charles {1} Scotland {1}
1958,Lower Grade,HISTORY,1,9,Describe Cromwell’s dealings during the Protectorate ([1653]–[1658]) with ,13.9,10.0,8.2,5,0,0,5,0.0,discuss,0.4086472690105438,Describe Cromwell’s {1}
1958,Lower Grade,HISTORY,1,9a,Parliament and,7.1,8.8,20.8,1,0,0,1,0.0,reason,0.4161830544471741,Describe Cromwell’s {1}
1958,Lower Grade,HISTORY,1,9b,France and Spain.,1.52,-2.7,1.2,2,0,0,2,0.0,reason,0.3646731674671173,Describe Cromwell’s {1}
1958,Lower Grade,HISTORY,1,10,"To what extent did Charles II pursue a Catholic policy from the Secret Treaty of Dover in [1670], and how far did he succeed or fail?",11.0,8.7,11.94,13,1,1,11,-0.0242,describe,0.9953638315200806,Charles II {1} the Secret Treaty {1} Dover {1}
1958,Lower Grade,HISTORY,1,11,Why did ,0.1,-3.1,0.8,0,0,0,0,0.0,explain,0.9901320934295654,
1958,Lower Grade,HISTORY,1,11a,William of Orange and,2.9,7.2,11.6,2,0,0,2,0.0,describe,0.38484418392181396,
1958,Lower Grade,HISTORY,1,11b,George I succeed to the throne in Britain?,5.0,2.9,3.2,4,1,0,3,0.4939,compare,0.6004915237426758,
1958,Lower Grade,HISTORY,1,12,Outline the course of the Rising of [1745]. To what extent can it be considered a Scottish national movement?,9.09,4.6,5.91,9,0,0,9,0.0,describe,0.9313697814941406,
1958,Lower Grade,HISTORY,1,13,What were the main agricultural changes in either Scotland or England in the eighteenth century?,11.75,8.0,8.67,8,0,0,8,0.0,compare,0.8639619946479797,Scotland {1} England {1}
1958,Lower Grade,HISTORY,1,14,Describe the events in George III’s reign that led up to the American War of Independence.,9.36,7.2,8.9,9,0,1,8,-0.5994,argue,0.33709701895713806,George III’s {1} the American War of Independence {1}
1958,Lower Grade,HISTORY,1,15,Why did peace in [1815] not bring prosperity to the people of Britain in the years up to [1820]? Give very briefly the main examples of unrest at that time.,9.12,3.2,6.0,14,1,0,13,0.5423,explain,0.5482466816902161,Britain {1}
1958,Lower Grade,HISTORY,1,16,Give an account of Gladstone’s Irish policy from [1868] to the first Home Rule Bill ([1886]). What effect had the Bill on the Liberal Party?,8.68,3.4,6.6,15,1,0,14,0.4019,describe,0.5680065155029297,Bill {1} the Liberal Party {1}
1958,Lower Grade,HISTORY,1,17,What were the main steps in the reform of the House of Commons in the hundred years from [1830]?,9.57,6.0,7.6,8,0,0,8,0.0,describe,0.5317121148109436,the House of Commons {1}
1958,Lower Grade,HISTORY,1,18,Answer two of the following: ,0.25,5.2,2.0,3,0,0,3,0.0,other,0.427435964345932,
1958,Lower Grade,HISTORY,1,18i,"Outline the territorial expansion of the British Empire in India in the first half of the nineteenth century,",11.77,10.3,11.64,10,0,0,10,0.0,argue,0.6792666912078857,
1958,Lower Grade,HISTORY,1,18i,i) How do you account for the increased opposition to British rule in India in the first quarter of the twentieth century?,8.82,10.7,12.44,10,1,0,9,0.2732,describe,0.9785575270652771,
1958,Lower Grade,HISTORY,1,18i,ii) How did the discovery of gold affect Australia?,7.39,4.4,8.04,5,0,0,5,0.0,describe,0.9936023354530334,
1958,Lower Grade,HISTORY,1,18i,v) Describe the movement for federation in Australia and what it achieved by [1901].,9.91,6.4,8.46,7,0,0,7,0.0,discuss,0.7760149240493774,
1958,Lower Grade,HISTORY,1,19,"Write notes on two of the following: the South Sea Bubble, James Watt, the Continental System, David Livingstone, Lord Shaftesbury, the Anglo-French Entente of [1904].",11.82,11.9,14.8,18,0,0,18,0.0,reason,0.9858673214912415,James Watt {1} the Continental System {1} David Livingstone {1} the Anglo-French Entente {1}
1958,Lower Grade,HISTORY,1,20. ,"Indicate the chief differences in organization between the League of Nations and the United Nations Organization, or ",9.12,12.3,13.86,9,1,0,8,0.4215,discuss,0.6936643123626709,the League of Nations {1} the United Nations Organization {1}
1958,Lower Grade,HISTORY,1,20. b,"Describe the main features of the recent report on Relations between Anglican and Presbyterian Churches, or",15.43,9.5,11.4,9,0,0,9,0.0,reason,0.4428316652774811,the League of Nations {1} the United Nations Organization {1}
1958,Lower Grade,HISTORY,1,20. c,Outline Britain’s relations with Egypt from Disraeli’s purchase of Suez Canal shares till [1939].,14.84,7.6,11.31,11,1,0,10,0.296,argue,0.658092737197876,the League of Nations {1} the United Nations Organization {1}
