year,level,subject,paper,question,text,coleman_liau,flesch_kincaid,gunning_fog,total_tokens,positive_tokens,negative_tokens,neutral_tokens,compound_sentiment_score,intent,intent_certainty,named_entities
1922,Higher Grade,HISTORY,1,1,"Choose any two of the following subjects and write a brief note about each of the two: the monastic ideal in the Middle Ages, the immediate results of the discovery of the New World, the origin and growth of the Party System, the distinction between ""British Colonies"" in the eighteenth century and ""British Overseas Dominions"" at the present day, the various meanings of the word ""Free"" in the following phrases: Free Press, Free Church, Free Trade, Free Education.",11.96,31.4,33.76,45,8,0,37,0.48292500000000005,reason,0.474786639213562,the New World {1} the Party System {1}
1922,Higher Grade,HISTORY,1,2,"Define any one of the following terms: the Treasury, a Co-operative Society, Disarmament, Paper Currency.",12.8,12.7,14.0,10,1,0,9,0.2023,reason,0.6395452618598938,"Treasury {1} Society, Disarmament, Paper Currency {1}"
1922,Higher Grade,HISTORY,1,3,When and how were England and Scotland Christianised?,9.95,6.4,8.2,3,0,0,3,0.0,describe,0.9731200337409973,England {1} Scotland Christianised {1}
1922,Higher Grade,HISTORY,1,4,How was life in the Middle Ages affected by the Manorial System in the country and by Trade Guilds in the towns?,9.03,7.2,10.62,10,0,1,9,-0.1531,describe,0.9947763681411743,the Manorial System {1} Trade Guilds {1}
1922,Higher Grade,HISTORY,1,5,"""The attempt of Edward I to conquer Scotland was much more in accordance with the interests of England than was the attempt of Edward III to conquer France."" Discuss this statement.",10.01,7.0,7.49,15,1,0,14,0.4588,describe,0.648341715335846,Edward {1} Scotland {1} England {1} Edward III {1} France {1}
1922,Higher Grade,HISTORY,1,6,What do you understand by the Revival of Learning? What part did Erasmus and George Buchanan play in the Revival of Learning in England and Scotland respectively?,8.98,6.2,8.36,13,2,0,11,0.34,compare,0.8233340978622437,the Revival of Learning {2} George Buchanan {1} England {1} Scotland {1}
1922,Higher Grade,HISTORY,1,7,Compare the ambitions and achievements of Henry VII with those of Henry VIII.,10.35,4.8,8.28,7,0,0,7,0.0,discuss,0.997244119644165,Henry VII {1} Henry VIII {1}
1922,Higher Grade,HISTORY,1,8,"What wars are generally referred to as the ""wars of religion""? In what sense might the Great Civil War be described as a ""war of religion"" in England and in Scotland?",8.48,5.8,8.78,15,1,4,10,-0.35454,discuss,0.67086261510849,the Great Civil War {1} England {1} Scotland {1}
1922,Higher Grade,HISTORY,1,9,"""A great reign is always associated with the name of a great Minister."" Discuss this statement with reference to the reign of either Elizabeth or Victoria.",9.14,7.2,11.35,14,2,0,12,0.6249,discuss,0.4962083697319031,Elizabeth {1} Victoria {1}
1922,Higher Grade,HISTORY,1,10,"Explain the importance in English history of any three of the following: John Hampden, the Earl of Strafford, Halifax, John Locke, Walpole, Charles James Fox.",11.19,11.9,13.2,17,1,0,16,0.3612,reason,0.5225538611412048,"John Hampden {1} Halifax {1} John Locke, Walpole {1} Charles James Fox {1}"
1922,Higher Grade,HISTORY,1,11,"Discuss one of the following topics: the part played by Scotland or by Ireland in the struggle with the House of Stuart (1642–1690), the growth of British dominion in India in either the eighteenth or nineteenth century, the effects of the discovery of steam-power upon industrial and social conditions.",12.83,21.2,22.05,27,2,1,24,0.13453333333333334,reason,0.9928136467933655,Scotland {1} Ireland {1} the House of Stuart {1} India {1}
1922,Higher Grade,HISTORY,1,12,"Give an account of any two of the following: the Olympic Games, the battle of Marathon and its importance in Greek history, the Delian League, the causes of the Peloponnesian War, the Delphic Oracle, the rise of Macedon.",10.51,14.6,17.31,20,1,2,17,-0.20666666666666667,discuss,0.3847423791885376,the Olympic Games {1} the Delian League {1} the Peloponnesian War {1} Macedon {1}
1922,Higher Grade,HISTORY,1,13,Discuss either the conditions of slave life in Ancient Greece or the historical value of the plays of Aristophanes.,10.4,9.5,13.92,11,2,0,9,0.34,reason,0.9947994947433472,
1922,Higher Grade,HISTORY,1,14,"Give a brief account of any two of the following: the attainment of political power by the Roman plebs, the second Samnite War, the campaigns of Hannibal in Italy, the relations between Rome and Greece before (150 BC), the career of Sulla, the end of the Republic, the character and career of Marcus Aurelius.",12.16,22.0,26.79,29,0,1,28,-0.5994,discuss,0.4271792471408844,Samnite War {1} Hannibal {1} Italy {1} Rome {1} Greece {1} BC {1} Sulla {1} Marcus Aurelius {1}
1922,Higher Grade,HISTORY,1,15. ,How far do Virgil and Horace illustrate the thought and feeling of their time? ,8.84,6.4,8.46,7,1,0,6,0.128,discuss,0.9239212274551392,Virgil {1} Horace {1}
1922,Higher Grade,HISTORY,1,15. b,"Contrast the Roman conquests of Gaul and of Britain in respect of extent, duration, and permanent effect.",11.77,9.9,11.51,10,1,0,9,0.4767,discuss,0.9960901141166687,Virgil {1} Horace {1}
1922,Higher Grade,HISTORY,1,16,"Estimate the importance of any two of the following in the history of their times: Pope Gregory VII (Hildebrand), Frederick Barbarossa, Louis IX of France (St. Louis), John Huss, the Emperor Charles V, Catherine de Medici, Mazarin, Peter the Great, Benjamin Franklin, Metternich, Moltke.",14.42,10.7,16.07,32,2,0,30,0.49305,describe,0.6332941055297852,Frederick Barbarossa {1} Louis IX {1} France {1} St. Louis {1} John Huss {1} Charles V {1} Catherine de Medici {1} Peter the Great {1} Benjamin Franklin {1} Metternich {1} Moltke {1}
1922,Higher Grade,HISTORY,1,17,Give some account of the greatness and the decline of the Republic of Venice.,8.84,6.4,8.46,6,0,0,6,0.0,reason,0.8768408894538879,the Republic of Venice {1}
1922,Higher Grade,HISTORY,1,18,Trace either the history of the Ottoman Empire since (1815) or the relations of Britain and Russia since (1815).,9.57,8.3,11.81,12,0,0,12,0.0,discuss,0.9549200534820557,the Ottoman Empire {1} Britain {1} Russia {1}
1922,Higher Grade,HISTORY,1,19,"Write a note on any two of the following: the Normans in Italy, the First Crusade, the Avignon Popes, the greatness of Spain in the sixteenth century, the Bohemian Revolution (1618), the struggle between Britain and France in North America, the relations between Napoleon I and the Papacy, the career of Garibaldi, the rivalry between Prussia and Austria for the leadership of Germany, the history of China since (1890).",13.01,27.8,30.5,36,0,1,35,-0.3182,reason,0.9019433259963989,Italy {1} the First Crusade {1} Spain {1} Britain {1} France {1} Papacy {1} Garibaldi {1} Prussia {1} Austria {1} Germany {1} China {1}
1922,Higher Grade,HISTORY,1,20,"Compare the importance of France among European Powers under Louis XIV, under Napoleon II, and under the Third Republic.",12.06,9.5,13.92,12,1,0,11,0.3612,discuss,0.9972537159919739,France {1} European Powers {1} Louis XIV {1}
1922,Higher Grade,HISTORY,1,21,"The United States of America are often described by American citizens as ""this great peaceful Republic."" How far does American foreign policy since (1783) justify the description?",8.98,8.6,9.84,18,3,0,15,0.5134333333333333,discuss,0.5024052262306213,The United States of America {1}
