year,level,subject,paper,question,text,coleman_liau,flesch_kincaid,gunning_fog,total_tokens,positive_tokens,negative_tokens,neutral_tokens,compound_sentiment_score,intent,intent_certainty,named_entities
1924,Higher Grade,HISTORY,2,1,"Choose any two of the following topics and write a brief note about each of them: the reasons for the successive Roman invasions of Britain and for the final withdrawal of the legions, trade routes in medieval Europe, the aims and objects of the Elizabethan sailors, freedom of speech, the meaning of the phrase “a good citizen.”",11.73,23.2,26.31,29,4,0,25,0.344075,reason,0.7933225631713867,Britain {1}
1924,Higher Grade,HISTORY,2,2,"Explain any one of the following terms: the Lords of the Admiralty, a Joint-Stock Bank, Entertainment Tax, the British Overseas Dominions, an Established Church.",10.75,12.7,14.6,15,2,0,13,0.35875,discuss,0.44404855370521545,Joint-Stock Bank {1} Entertainment Tax {1} the British Overseas Dominions {1} Established Church {1}
1924,Higher Grade,HISTORY,2,3,What are the sources of our knowledge of Scotland before the Norman Conquest? In what respects are they imperfect?,9.93,4.6,5.91,7,1,1,5,0.07925000000000001,compare,0.4216987192630768,Scotland {1} Norman Conquest {1}
1924,Higher Grade,HISTORY,2,4,"Select the three most important topics connected with the reign of any one of the following kings and give reasons for your choice of topics: Henry II, Henry III, David I, Alexander III.",10.06,13.8,15.62,20,1,0,19,0.2023,reason,0.5220800638198853,Henry II {1} Henry III {1} David {1} Alexander III {1}
1924,Higher Grade,HISTORY,2,5,How far is it possible to blame the Scots for the frequent occurrence of war with England between the death of Robert Bruce and the death of James IV?,9.43,9.9,12.98,14,0,4,10,-0.5345500000000001,describe,0.8609873056411743,England {1} Robert Bruce {1} James IV {1}
1924,Higher Grade,HISTORY,2,6,Illustrate the influence and importance of the English Parliament in the fourteenth and fifteenth centuries.,11.75,12.7,19.33,8,1,0,7,0.3612,discuss,0.7089114785194397,the English Parliament {1}
1924,Higher Grade,HISTORY,2,7,"“The aims of Queen Elizabeth resembled those of Henry VIII, but her methods were very different.” Discuss this statement.",10.76,4.6,3.8,10,0,0,10,0.0,discuss,0.357560932636261,Queen Elizabeth {1} Henry VIII {1}
1924,Higher Grade,HISTORY,2,8,"Explain the following terms as used in the seventeenth century: Cavalier, Roundhead, Leveller, Whig, Tory.",12.8,10.3,11.33,11,0,0,11,0.0,discuss,0.9058160185813904,Cavalier {1} Whig {1}
1924,Higher Grade,HISTORY,2,9,"What were the difficulties in the way of the Union of the Kingdoms of England and Scotland (1707), and how were they overcome?",9.58,8.7,10.94,8,0,1,7,-0.34,describe,0.9495536684989929,the Union of the Kingdoms of England {1} Scotland {1}
1924,Higher Grade,HISTORY,2,10,"Explain the importance in English history of any three of the following: Earl Godwin, Robert of Normandy, John of Gaunt, John Wycliffe, Sir Thomas More, Sir John Eliot, Titus Oates, Prince Charles Edward, Charles James Fox, Lord Palmerston, David Livingstone.",12.73,16.5,18.0,31,1,0,30,0.3612,reason,0.5255645513534546,Earl Godwin {1} Robert of Normandy {1} John {1} Gaunt {1} John Wycliffe {1} Thomas More {1} John Eliot {1} Prince Charles Edward {1} Charles James Fox {1} Palmerston {1} David Livingstone {1}
1924,Higher Grade,HISTORY,2,11,"Discuss one of the following topics: the makers of the Empire in the eighteenth century, the gradual removal of religious disabilities, the conflict between Great Britain and Napoleonic France, the agitation for Parliamentary Reform in the reigns of George IV and William IV.",13.48,21.2,23.71,25,1,2,22,0.01890000000000001,reason,0.993547260761261,Great Britain {1} Napoleonic France {1} George IV and {1} William IV {1}
1924,Higher Grade,HISTORY,2,12,"Either, describe improvements in the means of transport and communication in the nineteenth century; or, trace the development of political parties from the accession of Queen Victoria to the present day.",10.27,15.4,20.14,17,2,0,15,0.43035,discuss,0.9454431533813477,Queen Victoria {1}
1924,Higher Grade,HISTORY,2,13,How far is it useful or important to learn about the wars waged by Great Britain between [1815] and [1902]?,8.58,6.4,8.0,10,3,1,6,0.16705,describe,0.9621488451957703,Great Britain {1}
1924,Higher Grade,HISTORY,2,14,"Give a brief account of any two of the following: Greek life as depicted by Homer, the Tyrants, the Delphic Oracle, Cleisthenes, the battle of Salamis, the career of Pericles, the fall of Athens, the political views of Demosthenes.",11.64,16.1,18.68,22,0,1,21,-0.3818,discuss,0.4563372731208801,Homer {1} Tyrants {1} Cleisthenes {1} Salamis {1} Pericles {1} Athens {1}
1924,Higher Grade,HISTORY,2,15,"“I forgot the very letters of the Greek alphabet, a loss never to be repaired, considering what that language is and who they were who employed it in their compositions.”—(Sir Walter Scott.) Discuss the contribution which Greece made to Western civilization.",9.32,8.6,10.36,19,0,1,18,-0.3182,argue,0.5377026200294495,Walter Scott {1} Greece {1}
1924,Higher Grade,HISTORY,2,16,"Give a brief account of any two of the following: the office of Tribune of the People, the sack of Rome by the Gauls, the Samnite Wars, the exploits of Hannibal, the conquest of Gaul, the Augustan Age, the reign of Nero.",10.61,16.1,18.7,21,0,2,19,-0.35105000000000003,discuss,0.47805893421173096,Tribune of the People {1} Rome {1} Gauls {1} Hannibal {1} Gaul {1} Nero {1}
1924,Higher Grade,HISTORY,2,17,"Discuss and illustrate either the statement that the legends about the early history of Rome exercised an influence upon Roman life and character, or the statement that the Romans laid the foundations of European civilization.",11.24,16.9,20.86,20,0,0,20,0.0,reason,0.8017146587371826,Rome {1}
1924,Higher Grade,HISTORY,2,18,"Estimate the importance of any two of the following in the history of their times: the Emperor Justinian, Pope Gregory I, St. Bernard, Frederick Barbarossa, Rienzi, Martin Luther, Catherine de Medici, Gustavus Adolphus, Prince Eugene of Savoy, Voltaire, George Washington, Robespierre, Metternich, Moltke, Garibaldi.",14.78,14.2,18.8,32,1,0,31,0.3612,describe,0.6561311483383179,Justinian {1} Frederick Barbarossa {1} Rienzi {1} Martin Luther {1} Catherine de Medici {1} Gustavus Adolphus {1} Prince Eugene {1} George Washington {1} Robespierre {1} Metternich {1} Moltke {1} Garibaldi {1}
1924,Higher Grade,HISTORY,2,19,Illustrate the influence of the Papacy under Gregory VII or Innocent III; ,13.44,8.0,14.8,7,1,0,6,0.34,discuss,0.9243248701095581,Papacy {1} Innocent III {1}
1924,Higher Grade,HISTORY,2,19b,Compare the services rendered to France by Louis XIV with those rendered by Napoleon I.,9.97,5.6,8.67,8,0,0,8,0.0,discuss,0.9972578883171082,Papacy {1} Innocent III {1}
1924,Higher Grade,HISTORY,2,20,"Write a note on any two of the following: the Normans in Italy, the career of Henry the Fowler, the Third Crusade, the Avignon Papacy, the decline of Venice, the Empire of Charles V, the rise of Prussia, the War of Greek Independence, the events of [1848], the partition of Africa.",12.36,19.6,21.97,27,0,1,26,-0.5994,reason,0.9369979500770569,Italy {1} the Third Crusade {1} the Avignon Papacy {1} Venice {1} the Empire of Charles V {1} Prussia {1} the War of Greek Independence {1}
1924,Higher Grade,HISTORY,2,21,"Discuss one of the following topics: the Russian Monarchy, [1815]-[1917], the colonization of Australasia, the career of Napoleon III, the new states created by the Treaty of Versailles ([1919]).",13.24,14.6,15.74,18,1,0,17,0.25,reason,0.9928731918334961,Australasia {1} Napoleon III {1}
