year,level,subject,paper,question,text,coleman_liau,flesch_kincaid,gunning_fog,total_tokens,positive_tokens,negative_tokens,neutral_tokens,compound_sentiment_score,intent,intent_certainty,named_entities
1930,Higher,HISTORY,1,1,"Show very briefly the historical significance of five of the following events: the death of Edward the Confessor, the murder of the Red Comyn, the marriage of Edward II, the battle of Bosworth, the death of Mary Tudor, the Solemn League and Covenant, the siege of Vienna ([1683]), the siege of Arcot, the fall of the Bastille, the surrender of Napoleon III, the Sarajevo murders.",12.69,26.3,29.69,36,1,6,29,-0.39517142857142856,describe,0.3677932620048523,Edward the Confessor {1} the Red Comyn {1} Edward II {1} Mary Tudor {1} the Solemn League and Covenant {1} Vienna {1} Arcot {1} Bastille {1} Napoleon III {1} Sarajevo {1}
1930,Higher,HISTORY,1,2,Give some account of British revolts against the Romans. What was the effect of the withdrawal of the Roman garrisons?,9.66,6.0,8.0,9,1,0,8,0.0258,describe,0.7273424863815308,
1930,Higher,HISTORY,1,3,How did Canute come to be King of England and how did Macbeth come to be King of Scotland? Sum up the results of each reign.,7.93,3.6,5.2,11,0,0,11,0.0,describe,0.9083709716796875,Macbeth {1} Scotland {1}
1930,Higher,HISTORY,1,4,How is the history of England connected with that of France in the reigns of John and Henry V?,10.4,6.0,9.71,8,0,0,8,0.0,describe,0.9954225420951843,England {1} France {1} John {1} Henry V? {1}
1930,Higher,HISTORY,1,5,Estimate the respective contributions of Wallace and Bruce to the vindication of Scottish independence.,13.35,14.7,19.89,8,1,0,7,0.4215,discuss,0.5693495869636536,Wallace {1} Bruce {1}
1930,Higher,HISTORY,1,6,"Indicate the importance of any three of the following: the Peasants’ Revolt, the career of Joan of Arc, the fall of the House of Douglas, the English cloth industry in the Middle Ages, the invention of printing.",10.59,15.4,18.04,19,1,0,18,0.3612,describe,0.7913618087768555,Joan {1} the House of Douglas {1}
1930,Higher,HISTORY,1,7,"How did the discovery of the New World influence the history of Spain and England in the sixteenth century, or why has the reign of James IV been called a golden age in Scottish History?",10.34,13.4,16.29,17,0,0,17,0.0,describe,0.9311626553535461,Spain {1} England {1} James IV been {1}
1930,Higher,HISTORY,1,8,How did England escape an internal religious war at the period of the Reformation and become involved in one in the following century?,9.58,13.4,14.42,12,1,1,10,-0.21075000000000002,describe,0.9961444139480591,England {1} Reformation {1}
1930,Higher,HISTORY,1,9,"Give a brief account of any two of the following: the Elizabethan Poor Law, the establishment of the East India Company, Gustavus Adolphus, John Hampden, General Monck, William Penn, Peter the Great, the foundation of the Bank of England, “enclosures” in the eighteenth century.",11.92,20.5,23.05,28,1,1,26,0.0741,discuss,0.36971378326416016,the East India Company {1} Gustavus Adolphus {1} John Hampden {1} General Monck {1} William Penn {1} Peter the Great {1} the Bank of England {1}
1930,Higher,HISTORY,1,10,Trace briefly the causes of wars between Great Britain and France between [1689] and [1763] and account for the long interval of peace after [1713].,10.56,8.3,11.6,14,2,1,11,0.18926666666666667,describe,0.5035315752029419,Great Britain {1} France {1}
1930,Higher,HISTORY,1,11,"How are any two of the following writers connected with the history of their times: Sir Thomas More, Francis Bacon, Jonathan Swift, Lord Bolingbroke?",9.43,10.3,12.93,14,1,0,13,0.2023,describe,0.6804630160331726,Thomas More {1} Francis Bacon {1} Jonathan Swift {1}
1930,Higher,HISTORY,1,12,"What influence, apart from foreign policy, did the French Revolution exercise upon Great Britain, or explain how Great Britain became rich enough to stand the strain of the long French War, [1793]-[1815].",9.66,12.2,16.55,22,3,2,17,0.23123999999999997,describe,0.8263663649559021,the French Revolution {1} Great Britain {2}
1930,Higher,HISTORY,1,13,"Draw a map to illustrate one of the following and explain the importance of the places you mark in connection with the events to which your map relates: the growth of British Dominion in India, [1763]-[1857], the Peninsular War, the development of Australia, the Union of Italy.",11.68,19.3,23.06,24,2,1,21,0.04786666666666665,discuss,0.3988206386566162,India {1} the Peninsular War {1} Australia {1} the Union of Italy {1}
1930,Higher,HISTORY,1,14,Trace the relations between Great Britain and the United States of America from [1783] to [1918].,8.38,6.0,8.9,9,2,0,7,0.5232,discuss,0.6405407190322876,Great Britain {1} the United States of America {1}
1930,Higher,HISTORY,1,15,"What important political movements or arguments do you connect with any one of the following: Edmund Burke, Samuel Wilberforce, Sir Robert Peel, the Seventh Earl of Shaftesbury (Lord Ashley), Charles Stewart Parnell?",12.13,15.8,17.8,22,1,1,20,-0.07945,compare,0.6373483538627625,Edmund Burke {1} Samuel Wilberforce {1} Robert Peel {1} Ashley {1} Charles Stewart Parnell {1}
1930,Higher,HISTORY,1,16,Give a brief outline either of the changes in the parliamentary franchise since [1832] or of the development of the means of transport and communication since the introduction of railways.,10.39,15.0,17.33,16,0,0,16,0.0,discuss,0.3798450529575348,
